<?xml version="1.0" encoding="utf-8"?>
<VugenScriptMetadata>
  <ScriptName>iBank_dotNet_PC_scripts</ScriptName>
  <Protocol>Web - HTTP/HTML</Protocol>
  <ActionFiles>
    <FileEntry Name="vuser_init.c" Filter="2" />
    <FileEntry Name="Action.c" Filter="2" />
    <FileEntry Name="vuser_end.c" Filter="2" />
  </ActionFiles>
  <GeneralFiles>
    <FileEntry Name="iBank_dotNet_PC_scripts.usr" Filter="4" />
    <FileEntry Name="default.cfg" Filter="4" />
    <FileEntry Name="default.usp" Filter="4" />
    <FileEntry Name="iBank_dotNet_PC_scripts.prm" Filter="2" />
    <FileEntry Name="globals.h" Filter="2" />
    <FileEntry Name="ScriptUploadMetadata.xml" Filter="2" />
    <FileEntry Name="Bookmarks.xml" Filter="2" />
    <FileEntry Name="Breakpoints.xml" Filter="2" />
    <FileEntry Name="CompilerLogMetadata.xml" Filter="2" />
    <FileEntry Name="ReplaySummaryReport.xml" Filter="2" />
    <FileEntry Name="UserTasks.xml" Filter="2" />
    <FileEntry Name="ThumbnailsCache.tmp" Filter="1" />
  </GeneralFiles>
</VugenScriptMetadata>