<?xml version="1.0" encoding="utf-8"?>
<VugenScriptMetadata>
  <ScriptName>iBank_dotNet_PC_scripts</ScriptName>
  <Protocol>Web - HTTP/HTML</Protocol>
  <ActionFiles>
    <FileEntry Name="vuser_init.c" Filter="2" />
    <FileEntry Name="Action.c" Filter="2" />
    <FileEntry Name="vuser_end.c" Filter="2" />
  </ActionFiles>
  <GeneralFiles>
    <FileEntry Name="iBank_dotNet_PC_scripts.usr" Filter="4" />
    <FileEntry Name="default.cfg" Filter="4" />
    <FileEntry Name="default.usp" Filter="4" />
    <FileEntry Name="iBank_dotNet_PC_scripts.prm" Filter="2" />
    <FileEntry Name="globals.h" Filter="2" />
    <FileEntry Name="ScriptUploadMetadata.xml" Filter="2" />
    <FileEntry Name="Bookmarks.xml" Filter="2" />
    <FileEntry Name="Breakpoints.xml" Filter="2" />
    <FileEntry Name="CompilerLogMetadata.xml" Filter="2" />
    <FileEntry Name="ReplaySummaryReport.xml" Filter="2" />
    <FileEntry Name="UserTasks.xml" Filter="2" />
    <FileEntry Name="combined_iBank_dotNet_PC_scripts.c" Filter="2" />
    <FileEntry Name="pre_cci.c" Filter="2" />
    <FileEntry Name="26318870844.idx" Filter="1" />
    <FileEntry Name="26318870844_GyV.489.idx" Filter="1" />
    <FileEntry Name="26318870844_HB6.615.idx" Filter="1" />
    <FileEntry Name="26318870844_NKr.673.idx" Filter="1" />
    <FileEntry Name="26318870844_pvW.1.idx" Filter="1" />
    <FileEntry Name="26318870844_vMy.775.idx" Filter="1" />
    <FileEntry Name="26318870844_ZjP.61.idx" Filter="1" />
    <FileEntry Name="8306464744.idx" Filter="1" />
    <FileEntry Name="iBank_dotNet_PC_scripts.c.pickle" Filter="1" />
    <FileEntry Name="iBank_dotNet_PC_scripts.ci" Filter="1" />
    <FileEntry Name="iBank_dotNet_PC_scripts.prm.bak" Filter="1" />
    <FileEntry Name="iBank_dotNet_PC_scripts.sdf" Filter="1" />
    <FileEntry Name="IBank_URL_dotNet.dat" Filter="1" />
    <FileEntry Name="logfile.log" Filter="1" />
    <FileEntry Name="mdrv.log" Filter="1" />
    <FileEntry Name="mdrv_cmd.txt" Filter="1" />
    <FileEntry Name="mdrv_launcher.txt" Filter="1" />
    <FileEntry Name="options.txt" Filter="1" />
    <FileEntry Name="output.bak" Filter="1" />
    <FileEntry Name="output.txt" Filter="1" />
    <FileEntry Name="ThumbnailsCache.tmp" Filter="1" />
    <FileEntry Name="TransactionsData.db" Filter="1" />
    <FileEntry Name="result1\" Filter="1" />
  </GeneralFiles>
</VugenScriptMetadata>